ocel_id,ocel_time,lifecycle,resource
event:176,2022-04-16T15:46:00.000Z,complete,Finance/Account Department
event:212,2022-04-18T10:05:00.000Z,complete,Finance/Account Department
event:270,2022-04-21T12:36:00.000Z,complete,Finance/Account Department
event:297,2022-04-24T14:58:00.000Z,complete,Finance/Account Department
event:347,2022-04-25T23:03:00.000Z,complete,Finance/Account Department
event:363,2022-04-26T21:23:00.000Z,complete,Finance/Account Department
event:380,2022-04-27T12:26:00.000Z,complete,Finance/Account Department
event:388,2022-04-28T02:22:00.000Z,complete,Finance/Account Department
event:417,2022-04-28T22:16:00.000Z,complete,Finance/Account Department
event:420,2022-04-29T02:04:00.000Z,complete,Finance/Account Department
event:465,2022-04-29T20:29:00.000Z,complete,Finance/Account Department
event:536,2022-05-02T16:03:00.000Z,complete,Finance/Account Department
event:590,2022-05-03T12:26:00.000Z,complete,Finance/Account Department
event:595,2022-05-03T13:58:00.000Z,complete,Finance/Account Department
event:605,2022-05-03T18:31:00.000Z,complete,Finance/Account Department
event:670,2022-05-05T08:01:00.000Z,complete,Finance/Account Department
event:715,2022-05-06T11:16:00.000Z,complete,Finance/Account Department
event:727,2022-05-06T21:10:00.000Z,complete,Finance/Account Department
event:730,2022-05-07T02:37:00.000Z,complete,Finance/Account Department
event:736,2022-05-07T15:39:00.000Z,complete,Finance/Account Department
event:819,2022-05-09T23:47:00.000Z,complete,Finance/Account Department
event:859,2022-05-10T19:28:00.000Z,complete,Finance/Account Department
event:865,2022-05-11T00:13:00.000Z,complete,Finance/Account Department
event:934,2022-05-12T11:51:00.000Z,complete,Finance/Account Department
event:946,2022-05-12T19:07:00.000Z,complete,Finance/Account Department
event:948,2022-05-12T22:17:00.000Z,complete,Finance/Account Department
event:990,2022-05-14T09:32:00.000Z,complete,Finance/Account Department
event:1002,2022-05-15T08:37:00.000Z,complete,Finance/Account Department
event:1006,2022-05-15T19:32:00.000Z,complete,Finance/Account Department
event:1008,2022-05-15T23:44:00.000Z,complete,Finance/Account Department
event:1012,2022-05-16T04:52:00.000Z,complete,Finance/Account Department
event:1092,2022-05-16T20:34:00.000Z,complete,Finance/Account Department
event:1149,2022-05-17T18:32:00.000Z,complete,Finance/Account Department
event:1185,2022-05-18T13:59:00.000Z,complete,Finance/Account Department
event:1229,2022-05-19T10:58:00.000Z,complete,Finance/Account Department
event:1241,2022-05-19T17:45:00.000Z,complete,Finance/Account Department
event:1246,2022-05-19T22:14:00.000Z,complete,Finance/Account Department
event:1263,2022-05-20T18:37:00.000Z,complete,Finance/Account Department
event:1283,2022-05-23T05:23:00.000Z,complete,Finance/Account Department
event:1321,2022-05-23T08:51:00.000Z,complete,Finance/Account Department
event:1338,2022-05-23T17:15:00.000Z,complete,Finance/Account Department
event:1367,2022-05-24T10:51:00.000Z,complete,Finance/Account Department
event:1371,2022-05-24T15:28:00.000Z,complete,Finance/Account Department
event:1381,2022-05-24T21:24:00.000Z,complete,Finance/Account Department
event:1420,2022-05-25T13:06:00.000Z,complete,Finance/Account Department
event:1429,2022-05-25T16:41:00.000Z,complete,Finance/Account Department
event:1431,2022-05-25T17:33:00.000Z,complete,Finance/Account Department
event:1500,2022-05-27T15:35:00.000Z,complete,Finance/Account Department
event:1512,2022-05-28T13:09:00.000Z,complete,Finance/Account Department
event:1523,2022-05-29T02:43:00.000Z,complete,Finance/Account Department
event:1528,2022-05-29T10:41:00.000Z,complete,Finance/Account Department
event:1617,2022-05-31T05:56:00.000Z,complete,Finance/Account Department
event:1628,2022-05-31T08:10:00.000Z,complete,Finance/Account Department
event:1653,2022-05-31T19:52:00.000Z,complete,Finance/Account Department
event:1692,2022-06-01T20:14:00.000Z,complete,Finance/Account Department
event:1695,2022-06-01T22:19:00.000Z,complete,Finance/Account Department
event:1698,2022-06-02T01:58:00.000Z,complete,Finance/Account Department
event:1732,2022-06-02T11:13:00.000Z,complete,Finance/Account Department
event:1764,2022-06-03T15:09:00.000Z,complete,Finance/Account Department
event:1769,2022-06-04T01:47:00.000Z,complete,Finance/Account Department
event:1773,2022-06-04T05:04:00.000Z,complete,Finance/Account Department
event:1775,2022-06-04T08:44:00.000Z,complete,Finance/Account Department
event:1777,2022-06-04T10:07:00.000Z,complete,Finance/Account Department
event:1779,2022-06-04T13:51:00.000Z,complete,Finance/Account Department
event:1785,2022-06-05T01:26:00.000Z,complete,Finance/Account Department
event:1786,2022-06-05T02:24:00.000Z,complete,Finance/Account Department
event:1789,2022-06-05T11:59:00.000Z,complete,Finance/Account Department
event:1842,2022-06-06T19:19:00.000Z,complete,Finance/Account Department
event:1850,2022-06-07T06:28:00.000Z,complete,Finance/Account Department
event:1875,2022-06-07T07:50:00.000Z,complete,Finance/Account Department
event:1879,2022-06-07T12:47:00.000Z,complete,Finance/Account Department
event:1886,2022-06-07T22:15:00.000Z,complete,Finance/Account Department
event:1888,2022-06-08T01:22:00.000Z,complete,Finance/Account Department
event:1891,2022-06-08T04:49:00.000Z,complete,Finance/Account Department
event:1944,2022-06-08T23:15:00.000Z,complete,Finance/Account Department
event:1976,2022-06-09T07:50:00.000Z,complete,Finance/Account Department
event:1977,2022-06-09T08:11:00.000Z,complete,Finance/Account Department
event:1986,2022-06-09T08:45:00.000Z,complete,Finance/Account Department
event:2000,2022-06-09T20:09:00.000Z,complete,Finance/Account Department
event:2033,2022-06-11T00:24:00.000Z,complete,Finance/Account Department
event:2035,2022-06-11T03:46:00.000Z,complete,Finance/Account Department
event:2039,2022-06-11T17:17:00.000Z,complete,Finance/Account Department
event:2041,2022-06-12T06:48:00.000Z,complete,Finance/Account Department
event:2068,2022-06-13T11:12:00.000Z,complete,Finance/Account Department
event:2092,2022-06-14T19:38:00.000Z,complete,Finance/Account Department
event:2096,2022-06-15T01:51:00.000Z,complete,Finance/Account Department
event:2097,2022-06-15T02:07:00.000Z,complete,Finance/Account Department
event:2115,2022-06-15T16:09:00.000Z,complete,Finance/Account Department
event:2120,2022-06-16T05:49:00.000Z,complete,Finance/Account Department
event:2173,2022-06-20T06:12:00.000Z,complete,Finance/Account Department
event:2227,2022-06-20T10:05:00.000Z,complete,Finance/Account Department
event:2248,2022-06-20T23:00:00.000Z,complete,Finance/Account Department
event:2312,2022-06-22T09:13:00.000Z,complete,Finance/Account Department
event:2338,2022-06-23T05:41:00.000Z,complete,Finance/Account Department
event:2367,2022-06-23T09:17:00.000Z,complete,Finance/Account Department
event:2379,2022-06-23T16:08:00.000Z,complete,Finance/Account Department
event:2380,2022-06-23T17:31:00.000Z,complete,Finance/Account Department
event:2453,2022-06-26T12:30:00.000Z,complete,Finance/Account Department
event:2509,2022-06-28T11:31:00.000Z,complete,Finance/Account Department
event:2514,2022-06-28T14:59:00.000Z,complete,Finance/Account Department
event:2516,2022-06-28T17:17:00.000Z,complete,Finance/Account Department
event:2525,2022-06-29T05:31:00.000Z,complete,Finance/Account Department
event:2606,2022-06-30T09:11:00.000Z,complete,Finance/Account Department
event:2638,2022-06-30T18:15:00.000Z,complete,Finance/Account Department
event:2642,2022-06-30T23:12:00.000Z,complete,Finance/Account Department
event:2644,2022-07-01T00:27:00.000Z,complete,Finance/Account Department
event:2670,2022-07-01T22:11:00.000Z,complete,Finance/Account Department
event:2685,2022-07-04T01:18:00.000Z,complete,Finance/Account Department
event:2721,2022-07-04T13:33:00.000Z,complete,Finance/Account Department
event:2731,2022-07-05T06:51:00.000Z,complete,Finance/Account Department
event:2748,2022-07-05T13:12:00.000Z,complete,Finance/Account Department
event:2751,2022-07-06T02:21:00.000Z,complete,Finance/Account Department
event:2806,2022-07-07T15:39:00.000Z,complete,Finance/Account Department
event:2810,2022-07-08T02:09:00.000Z,complete,Finance/Account Department
event:2812,2022-07-08T06:27:00.000Z,complete,Finance/Account Department
event:2842,2022-07-08T18:47:00.000Z,complete,Finance/Account Department
event:2849,2022-07-09T09:54:00.000Z,complete,Finance/Account Department
event:2853,2022-07-10T05:54:00.000Z,complete,Finance/Account Department
event:2905,2022-07-11T22:52:00.000Z,complete,Finance/Account Department
event:2949,2022-07-12T18:59:00.000Z,complete,Finance/Account Department
event:2970,2022-07-13T09:24:00.000Z,complete,Finance/Account Department
event:2980,2022-07-13T23:25:00.000Z,complete,Finance/Account Department
event:2984,2022-07-14T02:35:00.000Z,complete,Finance/Account Department
event:2997,2022-07-14T10:02:00.000Z,complete,Finance/Account Department
event:3001,2022-07-14T17:47:00.000Z,complete,Finance/Account Department
event:3013,2022-07-15T07:31:00.000Z,complete,Finance/Account Department
event:3029,2022-07-15T19:52:00.000Z,complete,Finance/Account Department
event:3141,2022-07-19T05:56:00.000Z,complete,Finance/Account Department
event:3176,2022-07-20T03:59:00.000Z,complete,Finance/Account Department
event:3218,2022-07-20T12:37:00.000Z,complete,Finance/Account Department
event:3352,2022-07-24T05:23:00.000Z,complete,Finance/Account Department
event:3436,2022-07-25T09:28:00.000Z,complete,Finance/Account Department
event:3473,2022-07-25T19:33:00.000Z,complete,Finance/Account Department
event:3531,2022-07-27T05:30:00.000Z,complete,Finance/Account Department
event:3572,2022-07-27T12:28:00.000Z,complete,Finance/Account Department
event:3580,2022-07-27T14:46:00.000Z,complete,Finance/Account Department
event:3595,2022-07-28T06:34:00.000Z,complete,Finance/Account Department
event:3652,2022-07-30T01:48:00.000Z,complete,Finance/Account Department
event:3657,2022-07-30T08:49:00.000Z,complete,Finance/Account Department
event:3665,2022-07-31T07:54:00.000Z,complete,Finance/Account Department
event:3667,2022-07-31T15:16:00.000Z,complete,Finance/Account Department
event:3668,2022-07-31T21:05:00.000Z,complete,Finance/Account Department
event:3722,2022-08-01T15:54:00.000Z,complete,Finance/Account Department
event:3730,2022-08-02T02:46:00.000Z,complete,Finance/Account Department
event:3747,2022-08-02T13:22:00.000Z,complete,Finance/Account Department
event:3818,2022-08-04T12:20:00.000Z,complete,Finance/Account Department
event:3875,2022-08-05T14:56:00.000Z,complete,Finance/Account Department
event:3904,2022-08-08T03:48:00.000Z,complete,Finance/Account Department
event:3906,2022-08-08T06:08:00.000Z,complete,Finance/Account Department
event:3955,2022-08-08T19:11:00.000Z,complete,Finance/Account Department
event:3956,2022-08-08T20:09:00.000Z,complete,Finance/Account Department
event:3957,2022-08-08T23:56:00.000Z,complete,Finance/Account Department
event:3960,2022-08-09T04:28:00.000Z,complete,Finance/Account Department
event:3983,2022-08-09T16:05:00.000Z,complete,Finance/Account Department
event:4024,2022-08-10T17:11:00.000Z,complete,Finance/Account Department
event:4028,2022-08-10T21:07:00.000Z,complete,Finance/Account Department
event:4029,2022-08-11T02:47:00.000Z,complete,Finance/Account Department
event:4052,2022-08-11T22:35:00.000Z,complete,Finance/Account Department
event:4069,2022-08-12T09:34:00.000Z,complete,Finance/Account Department
event:4075,2022-08-12T17:01:00.000Z,complete,Finance/Account Department
event:4083,2022-08-13T02:27:00.000Z,complete,Finance/Account Department
event:4098,2022-08-15T00:14:00.000Z,complete,Finance/Account Department
event:4254,2022-08-17T16:51:00.000Z,complete,Finance/Account Department
event:4294,2022-08-18T19:08:00.000Z,complete,Finance/Account Department
event:4296,2022-08-18T20:38:00.000Z,complete,Finance/Account Department
event:4330,2022-08-19T09:31:00.000Z,complete,Finance/Account Department
event:4349,2022-08-20T07:58:00.000Z,complete,Finance/Account Department
event:4350,2022-08-20T08:00:00.000Z,complete,Finance/Account Department
event:4416,2022-08-22T09:06:00.000Z,complete,Finance/Account Department
event:4435,2022-08-22T18:50:00.000Z,complete,Finance/Account Department
event:4469,2022-08-23T13:10:00.000Z,complete,Finance/Account Department
event:4472,2022-08-23T14:25:00.000Z,complete,Finance/Account Department
event:4477,2022-08-24T00:44:00.000Z,complete,Finance/Account Department
event:4478,2022-08-24T03:17:00.000Z,complete,Finance/Account Department
event:4578,2022-08-26T10:17:00.000Z,complete,Finance/Account Department
event:4589,2022-08-26T19:49:00.000Z,complete,Finance/Account Department
event:4593,2022-08-26T23:12:00.000Z,complete,Finance/Account Department
event:4611,2022-08-28T08:13:00.000Z,complete,Finance/Account Department
event:4743,2022-08-30T21:08:00.000Z,complete,Finance/Account Department
event:4745,2022-08-31T05:53:00.000Z,complete,Finance/Account Department
event:4786,2022-09-01T07:43:00.000Z,complete,Finance/Account Department
event:4804,2022-09-02T03:02:00.000Z,complete,Finance/Account Department
event:4857,2022-09-02T15:04:00.000Z,complete,Finance/Account Department
event:4859,2022-09-02T16:03:00.000Z,complete,Finance/Account Department
event:4982,2022-09-06T08:52:00.000Z,complete,Finance/Account Department
event:5009,2022-09-07T05:42:00.000Z,complete,Finance/Account Department
event:5123,2022-09-08T13:21:00.000Z,complete,Finance/Account Department
event:5162,2022-09-09T13:40:00.000Z,complete,Finance/Account Department
event:5174,2022-09-10T04:24:00.000Z,complete,Finance/Account Department
event:5192,2022-09-10T22:09:00.000Z,complete,Finance/Account Department
event:5193,2022-09-11T03:23:00.000Z,complete,Finance/Account Department
event:5195,2022-09-11T13:55:00.000Z,complete,Finance/Account Department
event:5202,2022-09-11T21:35:00.000Z,complete,Finance/Account Department
event:5204,2022-09-12T01:26:00.000Z,complete,Finance/Account Department
event:5206,2022-09-12T05:11:00.000Z,complete,Finance/Account Department
event:5272,2022-09-12T12:08:00.000Z,complete,Finance/Account Department
event:5319,2022-09-13T10:20:00.000Z,complete,Finance/Account Department
event:5370,2022-09-14T13:45:00.000Z,complete,Finance/Account Department
event:5388,2022-09-15T02:10:00.000Z,complete,Finance/Account Department
event:5468,2022-09-15T16:32:00.000Z,complete,Finance/Account Department
event:5475,2022-09-15T18:17:00.000Z,complete,Finance/Account Department
event:5539,2022-09-16T15:16:00.000Z,complete,Finance/Account Department
event:5552,2022-09-17T03:20:00.000Z,complete,Finance/Account Department
event:5560,2022-09-17T15:19:00.000Z,complete,Finance/Account Department
event:5652,2022-09-19T07:28:00.000Z,complete,Finance/Account Department
event:5669,2022-09-19T15:14:00.000Z,complete,Finance/Account Department
event:5674,2022-09-19T20:06:00.000Z,complete,Finance/Account Department
event:5680,2022-09-20T01:19:00.000Z,complete,Finance/Account Department
event:5687,2022-09-20T05:16:00.000Z,complete,Finance/Account Department
event:5717,2022-09-20T13:31:00.000Z,complete,Finance/Account Department
event:5733,2022-09-21T05:21:00.000Z,complete,Finance/Account Department
event:5770,2022-09-21T08:01:00.000Z,complete,Finance/Account Department
event:5800,2022-09-21T20:36:00.000Z,complete,Finance/Account Department
event:5839,2022-09-22T11:48:00.000Z,complete,Finance/Account Department
event:5855,2022-09-22T18:57:00.000Z,complete,Finance/Account Department
event:5856,2022-09-22T18:58:00.000Z,complete,Finance/Account Department
event:5860,2022-09-22T21:13:00.000Z,complete,Finance/Account Department
event:5861,2022-09-22T21:16:00.000Z,complete,Finance/Account Department
event:5862,2022-09-22T21:48:00.000Z,complete,Finance/Account Department
event:5891,2022-09-23T09:16:00.000Z,complete,Finance/Account Department
event:5896,2022-09-23T15:47:00.000Z,complete,Finance/Account Department
event:5897,2022-09-23T17:24:00.000Z,complete,Finance/Account Department
event:5908,2022-09-24T16:45:00.000Z,complete,Finance/Account Department
event:5911,2022-09-24T21:01:00.000Z,complete,Finance/Account Department
event:5912,2022-09-24T23:12:00.000Z,complete,Finance/Account Department
event:5913,2022-09-25T00:12:00.000Z,complete,Finance/Account Department
event:5919,2022-09-25T16:06:00.000Z,complete,Finance/Account Department
event:5927,2022-09-26T03:25:00.000Z,complete,Finance/Account Department
event:5996,2022-09-27T08:02:00.000Z,complete,Finance/Account Department
event:6015,2022-09-28T05:01:00.000Z,complete,Finance/Account Department
event:6041,2022-09-28T12:27:00.000Z,complete,Finance/Account Department
event:6083,2022-09-29T19:22:00.000Z,complete,Finance/Account Department
event:6090,2022-09-30T04:17:00.000Z,complete,Finance/Account Department
event:6091,2022-09-30T04:53:00.000Z,complete,Finance/Account Department
event:6110,2022-09-30T08:55:00.000Z,complete,Finance/Account Department
event:6133,2022-09-30T19:00:00.000Z,complete,Finance/Account Department
event:6137,2022-09-30T23:55:00.000Z,complete,Finance/Account Department
event:6138,2022-10-01T01:22:00.000Z,complete,Finance/Account Department
event:6143,2022-10-01T15:43:00.000Z,complete,Finance/Account Department
event:6221,2022-10-03T13:43:00.000Z,complete,Finance/Account Department
event:6264,2022-10-05T01:04:00.000Z,complete,Finance/Account Department
event:6302,2022-10-06T02:19:00.000Z,complete,Finance/Account Department
event:6326,2022-10-06T07:53:00.000Z,complete,Finance/Account Department
event:6339,2022-10-06T10:36:00.000Z,complete,Finance/Account Department
event:6349,2022-10-07T00:57:00.000Z,complete,Finance/Account Department
event:6389,2022-10-08T00:38:00.000Z,complete,Finance/Account Department
event:6401,2022-10-09T04:27:00.000Z,complete,Finance/Account Department
event:6407,2022-10-09T19:04:00.000Z,complete,Finance/Account Department
event:6465,2022-10-10T19:15:00.000Z,complete,Finance/Account Department
event:6495,2022-10-11T17:01:00.000Z,complete,Finance/Account Department
event:6501,2022-10-12T04:25:00.000Z,complete,Finance/Account Department
event:6525,2022-10-12T11:20:00.000Z,complete,Finance/Account Department
event:6543,2022-10-13T04:32:00.000Z,complete,Finance/Account Department
event:6580,2022-10-13T23:06:00.000Z,complete,Finance/Account Department
event:6586,2022-10-14T03:07:00.000Z,complete,Finance/Account Department
event:6587,2022-10-14T04:37:00.000Z,complete,Finance/Account Department
event:6605,2022-10-14T23:17:00.000Z,complete,Finance/Account Department
event:6614,2022-10-16T14:03:00.000Z,complete,Finance/Account Department
event:6656,2022-10-17T10:07:00.000Z,complete,Finance/Account Department
event:6674,2022-10-17T14:59:00.000Z,complete,Finance/Account Department
event:6706,2022-10-19T00:42:00.000Z,complete,Finance/Account Department
event:6749,2022-10-20T13:27:00.000Z,complete,Finance/Account Department
event:6752,2022-10-20T15:52:00.000Z,complete,Finance/Account Department
event:6755,2022-10-20T22:36:00.000Z,complete,Finance/Account Department
event:6771,2022-10-21T10:07:00.000Z,complete,Finance/Account Department
event:6782,2022-10-22T05:34:00.000Z,complete,Finance/Account Department
event:6824,2022-10-24T13:15:00.000Z,complete,Finance/Account Department
event:6858,2022-10-25T19:42:00.000Z,complete,Finance/Account Department
event:6873,2022-10-26T09:41:00.000Z,complete,Finance/Account Department
event:6874,2022-10-26T10:25:00.000Z,complete,Finance/Account Department
event:6880,2022-10-26T17:55:00.000Z,complete,Finance/Account Department
event:6881,2022-10-26T18:59:00.000Z,complete,Finance/Account Department
event:6883,2022-10-26T21:11:00.000Z,complete,Finance/Account Department
event:6885,2022-10-27T00:49:00.000Z,complete,Finance/Account Department
event:6899,2022-10-28T03:14:00.000Z,complete,Finance/Account Department
event:6928,2022-10-29T07:18:00.000Z,complete,Finance/Account Department
event:6935,2022-10-30T16:45:00.000Z,complete,Finance/Account Department
event:7027,2022-11-03T22:10:00.000Z,complete,Finance/Account Department
event:7043,2022-11-04T19:45:00.000Z,complete,Finance/Account Department
event:7063,2022-11-07T09:20:00.000Z,complete,Finance/Account Department
event:7107,2022-11-09T10:00:00.000Z,complete,Finance/Account Department
event:7115,2022-11-09T15:33:00.000Z,complete,Finance/Account Department
event:7182,2022-11-13T01:15:00.000Z,complete,Finance/Account Department
event:7185,2022-11-13T05:25:00.000Z,complete,Finance/Account Department
event:7216,2022-11-14T22:50:00.000Z,complete,Finance/Account Department
event:7223,2022-11-15T12:27:00.000Z,complete,Finance/Account Department
event:7236,2022-11-16T11:10:00.000Z,complete,Finance/Account Department
event:7255,2022-11-18T13:58:00.000Z,complete,Finance/Account Department
event:7263,2022-11-19T16:37:00.000Z,complete,Finance/Account Department
event:7265,2022-11-19T19:24:00.000Z,complete,Finance/Account Department
event:7312,2022-11-22T11:42:00.000Z,complete,Finance/Account Department
event:7356,2022-11-24T19:28:00.000Z,complete,Finance/Account Department
event:7362,2022-11-25T06:38:00.000Z,complete,Finance/Account Department
event:7381,2022-11-25T12:53:00.000Z,complete,Finance/Account Department
event:7392,2022-11-26T14:40:00.000Z,complete,Finance/Account Department
event:7434,2022-11-29T21:21:00.000Z,complete,Finance/Account Department
event:7473,2022-12-02T08:15:00.000Z,complete,Finance/Account Department
event:7573,2022-12-07T04:32:00.000Z,complete,Finance/Account Department
event:7576,2022-12-07T19:22:00.000Z,complete,Finance/Account Department
event:7590,2022-12-09T06:20:00.000Z,complete,Finance/Account Department
event:7619,2022-12-09T16:06:00.000Z,complete,Finance/Account Department
event:7691,2022-12-13T13:01:00.000Z,complete,Finance/Account Department
event:7731,2022-12-15T03:21:00.000Z,complete,Finance/Account Department
event:7759,2022-12-15T22:23:00.000Z,complete,Finance/Account Department
event:7761,2022-12-16T07:07:00.000Z,complete,Finance/Account Department
event:7767,2022-12-16T17:47:00.000Z,complete,Finance/Account Department
event:7768,2022-12-16T23:53:00.000Z,complete,Finance/Account Department
event:7772,2022-12-17T02:34:00.000Z,complete,Finance/Account Department
event:7773,2022-12-17T06:52:00.000Z,complete,Finance/Account Department
event:7774,2022-12-17T10:32:00.000Z,complete,Finance/Account Department
event:7845,2022-12-21T10:13:00.000Z,complete,Finance/Account Department
event:7878,2022-12-23T16:17:00.000Z,complete,Finance/Account Department
event:7888,2022-12-26T02:28:00.000Z,complete,Finance/Account Department
event:7974,2022-12-28T22:09:00.000Z,complete,Finance/Account Department
event:7975,2022-12-28T23:17:00.000Z,complete,Finance/Account Department
event:8018,2022-12-30T16:07:00.000Z,complete,Finance/Account Department
event:8029,2022-12-31T12:04:00.000Z,complete,Finance/Account Department
event:8030,2022-12-31T13:40:00.000Z,complete,Finance/Account Department
event:8036,2023-01-01T04:27:00.000Z,complete,Finance/Account Department
event:8088,2023-01-03T01:14:00.000Z,complete,Finance/Account Department
event:8144,2023-01-04T17:47:00.000Z,complete,Finance/Account Department
event:8195,2023-01-07T03:38:00.000Z,complete,Finance/Account Department
event:8207,2023-01-08T10:30:00.000Z,complete,Finance/Account Department
event:8209,2023-01-08T15:04:00.000Z,complete,Finance/Account Department
event:8273,2023-01-09T16:58:00.000Z,complete,Finance/Account Department
event:8397,2023-01-12T23:17:00.000Z,complete,Finance/Account Department
event:8401,2023-01-13T04:03:00.000Z,complete,Finance/Account Department
event:8416,2023-01-13T08:55:00.000Z,complete,Finance/Account Department
event:8424,2023-01-13T12:10:00.000Z,complete,Finance/Account Department
event:8431,2023-01-13T19:13:00.000Z,complete,Finance/Account Department
event:8433,2023-01-14T05:29:00.000Z,complete,Finance/Account Department
event:8435,2023-01-14T07:47:00.000Z,complete,Finance/Account Department
event:8443,2023-01-15T12:52:00.000Z,complete,Finance/Account Department
event:8445,2023-01-15T14:18:00.000Z,complete,Finance/Account Department
event:8503,2023-01-16T16:08:00.000Z,complete,Finance/Account Department
event:8551,2023-01-18T05:00:00.000Z,complete,Finance/Account Department
event:8555,2023-01-18T13:50:00.000Z,complete,Finance/Account Department
event:8558,2023-01-18T22:46:00.000Z,complete,Finance/Account Department
event:8562,2023-01-19T06:44:00.000Z,complete,Finance/Account Department
event:8615,2023-01-20T23:56:00.000Z,complete,Finance/Account Department
event:8616,2023-01-21T01:44:00.000Z,complete,Finance/Account Department
event:8622,2023-01-22T10:13:00.000Z,complete,Finance/Account Department
event:8700,2023-01-24T14:18:00.000Z,complete,Finance/Account Department
event:8743,2023-01-26T16:20:00.000Z,complete,Finance/Account Department
event:8746,2023-01-27T02:00:00.000Z,complete,Finance/Account Department
event:8748,2023-01-27T06:30:00.000Z,complete,Finance/Account Department
event:8762,2023-01-27T16:34:00.000Z,complete,Finance/Account Department
event:8769,2023-01-29T10:27:00.000Z,complete,Finance/Account Department
event:8801,2023-01-30T13:37:00.000Z,complete,Finance/Account Department
event:8805,2023-01-30T23:20:00.000Z,complete,Finance/Account Department
event:8807,2023-01-31T05:38:00.000Z,complete,Finance/Account Department
event:8848,2023-02-01T14:45:00.000Z,complete,Finance/Account Department
event:8910,2023-02-04T16:46:00.000Z,complete,Finance/Account Department
event:8964,2023-02-06T22:19:00.000Z,complete,Finance/Account Department
event:8968,2023-02-07T03:18:00.000Z,complete,Finance/Account Department
event:8999,2023-02-07T16:47:00.000Z,complete,Finance/Account Department
event:9057,2023-02-10T01:36:00.000Z,complete,Finance/Account Department
event:9061,2023-02-10T04:48:00.000Z,complete,Finance/Account Department
event:9076,2023-02-10T08:24:00.000Z,complete,Finance/Account Department
event:9279,2023-02-15T11:29:00.000Z,complete,Finance/Account Department
event:9283,2023-02-15T13:17:00.000Z,complete,Finance/Account Department
event:9335,2023-02-16T22:01:00.000Z,complete,Finance/Account Department
event:9337,2023-02-16T22:36:00.000Z,complete,Finance/Account Department
event:9498,2023-02-20T19:56:00.000Z,complete,Finance/Account Department
event:9538,2023-02-22T02:19:00.000Z,complete,Finance/Account Department
event:9550,2023-02-22T11:23:00.000Z,complete,Finance/Account Department
event:9552,2023-02-22T12:56:00.000Z,complete,Finance/Account Department
event:9569,2023-02-22T19:28:00.000Z,complete,Finance/Account Department
event:9610,2023-02-24T07:50:00.000Z,complete,Finance/Account Department
event:9634,2023-02-24T16:15:00.000Z,complete,Finance/Account Department
event:9635,2023-02-24T16:39:00.000Z,complete,Finance/Account Department
event:9643,2023-02-25T03:29:00.000Z,complete,Finance/Account Department
event:9691,2023-02-27T14:21:00.000Z,complete,Finance/Account Department
event:9707,2023-02-27T21:23:00.000Z,complete,Finance/Account Department
event:9722,2023-02-28T09:36:00.000Z,complete,Finance/Account Department
event:9740,2023-02-28T18:58:00.000Z,complete,Finance/Account Department
event:9744,2023-02-28T22:59:00.000Z,complete,Finance/Account Department
event:9797,2023-03-01T15:30:00.000Z,complete,Finance/Account Department
event:9880,2023-03-03T10:35:00.000Z,complete,Finance/Account Department
event:9881,2023-03-03T11:51:00.000Z,complete,Finance/Account Department
event:9900,2023-03-04T03:25:00.000Z,complete,Finance/Account Department
event:9910,2023-03-04T23:32:00.000Z,complete,Finance/Account Department
event:9916,2023-03-06T05:16:00.000Z,complete,Finance/Account Department
event:9979,2023-03-06T15:52:00.000Z,complete,Finance/Account Department
event:9985,2023-03-06T18:31:00.000Z,complete,Finance/Account Department
event:10019,2023-03-07T20:04:00.000Z,complete,Finance/Account Department
event:10028,2023-03-08T07:04:00.000Z,complete,Finance/Account Department
event:10085,2023-03-08T15:04:00.000Z,complete,Finance/Account Department
event:10132,2023-03-09T22:05:00.000Z,complete,Finance/Account Department
event:10181,2023-03-11T02:37:00.000Z,complete,Finance/Account Department
event:10197,2023-03-12T11:01:00.000Z,complete,Finance/Account Department
event:10200,2023-03-12T21:23:00.000Z,complete,Finance/Account Department
event:10305,2023-03-14T04:43:00.000Z,complete,Finance/Account Department
event:10338,2023-03-14T10:55:00.000Z,complete,Finance/Account Department
event:10348,2023-03-14T16:50:00.000Z,complete,Finance/Account Department
event:10354,2023-03-14T21:01:00.000Z,complete,Finance/Account Department
event:10395,2023-03-15T09:18:00.000Z,complete,Finance/Account Department
event:10400,2023-03-15T10:19:00.000Z,complete,Finance/Account Department
event:10401,2023-03-15T11:32:00.000Z,complete,Finance/Account Department
event:10405,2023-03-15T12:51:00.000Z,complete,Finance/Account Department
event:10431,2023-03-16T09:11:00.000Z,complete,Finance/Account Department
event:10441,2023-03-16T13:10:00.000Z,complete,Finance/Account Department
event:10447,2023-03-16T17:09:00.000Z,complete,Finance/Account Department
event:10449,2023-03-17T05:40:00.000Z,complete,Finance/Account Department
event:10472,2023-03-17T13:23:00.000Z,complete,Finance/Account Department
event:10482,2023-03-17T17:09:00.000Z,complete,Finance/Account Department
event:10486,2023-03-18T05:59:00.000Z,complete,Finance/Account Department
event:10492,2023-03-18T14:38:00.000Z,complete,Finance/Account Department
event:10545,2023-03-20T09:09:00.000Z,complete,Finance/Account Department
event:10556,2023-03-20T13:35:00.000Z,complete,Finance/Account Department
event:10573,2023-03-20T21:15:00.000Z,complete,Finance/Account Department
event:10591,2023-03-21T08:22:00.000Z,complete,Finance/Account Department
event:10632,2023-03-23T06:18:00.000Z,complete,Finance/Account Department
event:10643,2023-03-23T13:53:00.000Z,complete,Finance/Account Department
event:10645,2023-03-23T16:02:00.000Z,complete,Finance/Account Department
event:10648,2023-03-23T21:55:00.000Z,complete,Finance/Account Department
event:10694,2023-03-25T01:00:00.000Z,complete,Finance/Account Department
event:10695,2023-03-25T01:02:00.000Z,complete,Finance/Account Department
event:10709,2023-03-26T02:11:00.000Z,complete,Finance/Account Department
event:10767,2023-03-27T18:32:00.000Z,complete,Finance/Account Department
event:10850,2023-03-30T02:37:00.000Z,complete,Finance/Account Department
event:10881,2023-03-30T16:57:00.000Z,complete,Finance/Account Department
event:10889,2023-03-31T03:44:00.000Z,complete,Finance/Account Department
event:10890,2023-03-31T05:43:00.000Z,complete,Finance/Account Department
event:10932,2023-03-31T22:29:00.000Z,complete,Finance/Account Department
event:10954,2023-04-03T00:27:00.000Z,complete,Finance/Account Department
event:11000,2023-04-03T12:44:00.000Z,complete,Finance/Account Department
event:11010,2023-04-03T16:46:00.000Z,complete,Finance/Account Department
event:11045,2023-04-04T21:20:00.000Z,complete,Finance/Account Department
event:11076,2023-04-05T15:46:00.000Z,complete,Finance/Account Department
event:11078,2023-04-05T17:55:00.000Z,complete,Finance/Account Department
event:11103,2023-04-06T17:11:00.000Z,complete,Finance/Account Department
event:11104,2023-04-06T19:31:00.000Z,complete,Finance/Account Department
event:11121,2023-04-07T07:46:00.000Z,complete,Finance/Account Department
event:11130,2023-04-07T22:27:00.000Z,complete,Finance/Account Department
event:11131,2023-04-07T23:36:00.000Z,complete,Finance/Account Department
event:11132,2023-04-08T01:45:00.000Z,complete,Finance/Account Department
event:11144,2023-04-09T05:42:00.000Z,complete,Finance/Account Department
event:11222,2023-04-10T13:11:00.000Z,complete,Finance/Account Department
event:11241,2023-04-11T02:53:00.000Z,complete,Finance/Account Department
event:11245,2023-04-11T06:22:00.000Z,complete,Finance/Account Department
event:11415,2023-04-14T12:38:00.000Z,complete,Finance/Account Department
event:11424,2023-04-15T00:46:00.000Z,complete,Finance/Account Department
event:11427,2023-04-15T05:16:00.000Z,complete,Finance/Account Department
event:11428,2023-04-15T06:14:00.000Z,complete,Finance/Account Department
event:11434,2023-04-15T17:46:00.000Z,complete,Finance/Account Department
event:11439,2023-04-16T18:55:00.000Z,complete,Finance/Account Department
event:11486,2023-04-18T00:55:00.000Z,complete,Finance/Account Department
event:11500,2023-04-18T08:08:00.000Z,complete,Finance/Account Department
event:11509,2023-04-18T14:32:00.000Z,complete,Finance/Account Department
event:11512,2023-04-18T20:08:00.000Z,complete,Finance/Account Department
event:11515,2023-04-18T21:31:00.000Z,complete,Finance/Account Department
event:11533,2023-04-19T10:19:00.000Z,complete,Finance/Account Department
event:11539,2023-04-19T23:30:00.000Z,complete,Finance/Account Department
event:11540,2023-04-20T02:02:00.000Z,complete,Finance/Account Department
event:11550,2023-04-20T07:56:00.000Z,complete,Finance/Account Department
event:11585,2023-04-23T11:02:00.000Z,complete,Finance/Account Department
event:11614,2023-04-24T09:52:00.000Z,complete,Finance/Account Department
event:11618,2023-04-24T14:28:00.000Z,complete,Finance/Account Department
event:11628,2023-04-25T07:43:00.000Z,complete,Finance/Account Department
event:11631,2023-04-25T15:55:00.000Z,complete,Finance/Account Department
event:11634,2023-04-25T23:05:00.000Z,complete,Finance/Account Department
event:11656,2023-04-26T22:55:00.000Z,complete,Finance/Account Department
event:11671,2023-04-27T14:30:00.000Z,complete,Finance/Account Department
event:11683,2023-04-28T11:10:00.000Z,complete,Finance/Account Department
event:11684,2023-04-28T11:14:00.000Z,complete,Finance/Account Department
event:11692,2023-04-29T01:51:00.000Z,complete,Finance/Account Department
event:11735,2023-05-01T11:57:00.000Z,complete,Finance/Account Department
event:11758,2023-05-02T11:20:00.000Z,complete,Finance/Account Department
event:11766,2023-05-03T06:16:00.000Z,complete,Finance/Account Department
event:11806,2023-05-05T03:18:00.000Z,complete,Finance/Account Department
event:11816,2023-05-05T15:31:00.000Z,complete,Finance/Account Department
event:11912,2023-05-09T05:57:00.000Z,complete,Finance/Account Department
event:11938,2023-05-09T13:14:00.000Z,complete,Finance/Account Department
event:11976,2023-05-10T14:41:00.000Z,complete,Finance/Account Department
event:11980,2023-05-11T00:37:00.000Z,complete,Finance/Account Department
event:12018,2023-05-11T16:06:00.000Z,complete,Finance/Account Department
event:12056,2023-05-12T22:57:00.000Z,complete,Finance/Account Department
event:12063,2023-05-13T11:58:00.000Z,complete,Finance/Account Department
event:12154,2023-05-18T06:21:00.000Z,complete,Finance/Account Department
event:12213,2023-05-20T15:04:00.000Z,complete,Finance/Account Department
event:12294,2023-05-22T10:54:00.000Z,complete,Finance/Account Department
event:12325,2023-05-23T02:11:00.000Z,complete,Finance/Account Department
event:12355,2023-05-24T01:33:00.000Z,complete,Finance/Account Department
event:12387,2023-05-24T13:03:00.000Z,complete,Finance/Account Department
event:12463,2023-05-25T13:08:00.000Z,complete,Finance/Account Department
event:12475,2023-05-26T06:10:00.000Z,complete,Finance/Account Department
event:12476,2023-05-26T06:23:00.000Z,complete,Finance/Account Department
event:12528,2023-05-29T03:26:00.000Z,complete,Finance/Account Department
event:12579,2023-05-29T08:17:00.000Z,complete,Finance/Account Department
event:12606,2023-05-29T14:49:00.000Z,complete,Finance/Account Department
event:12614,2023-05-29T22:18:00.000Z,complete,Finance/Account Department
event:12619,2023-05-30T04:35:00.000Z,complete,Finance/Account Department
event:12645,2023-05-30T09:34:00.000Z,complete,Finance/Account Department
event:12660,2023-05-31T01:27:00.000Z,complete,Finance/Account Department
event:12661,2023-05-31T04:52:00.000Z,complete,Finance/Account Department
event:12689,2023-05-31T21:13:00.000Z,complete,Finance/Account Department
event:12691,2023-05-31T21:39:00.000Z,complete,Finance/Account Department
event:12692,2023-06-01T01:01:00.000Z,complete,Finance/Account Department
event:12733,2023-06-02T03:36:00.000Z,complete,Finance/Account Department
event:12734,2023-06-02T05:54:00.000Z,complete,Finance/Account Department
event:12770,2023-06-02T18:17:00.000Z,complete,Finance/Account Department
event:12780,2023-06-04T00:58:00.000Z,complete,Finance/Account Department
event:12781,2023-06-04T03:08:00.000Z,complete,Finance/Account Department
event:12821,2023-06-05T08:57:00.000Z,complete,Finance/Account Department
event:12827,2023-06-05T12:59:00.000Z,complete,Finance/Account Department
event:12834,2023-06-05T17:28:00.000Z,complete,Finance/Account Department
event:12868,2023-06-06T10:00:00.000Z,complete,Finance/Account Department
event:12871,2023-06-06T20:27:00.000Z,complete,Finance/Account Department
event:12905,2023-06-08T01:51:00.000Z,complete,Finance/Account Department
event:12906,2023-06-08T03:03:00.000Z,complete,Finance/Account Department
event:12955,2023-06-08T20:06:00.000Z,complete,Finance/Account Department
event:13007,2023-06-10T13:46:00.000Z,complete,Finance/Account Department
event:13100,2023-06-13T08:25:00.000Z,complete,Finance/Account Department
event:13131,2023-06-14T09:56:00.000Z,complete,Finance/Account Department
event:13159,2023-06-15T22:52:00.000Z,complete,Finance/Account Department
event:13162,2023-06-16T01:53:00.000Z,complete,Finance/Account Department
event:13176,2023-06-16T19:42:00.000Z,complete,Finance/Account Department
event:13185,2023-06-18T17:56:00.000Z,complete,Finance/Account Department
event:13187,2023-06-18T22:27:00.000Z,complete,Finance/Account Department
event:13230,2023-06-19T19:03:00.000Z,complete,Finance/Account Department
event:13239,2023-06-20T05:51:00.000Z,complete,Finance/Account Department
event:13253,2023-06-20T10:28:00.000Z,complete,Finance/Account Department
event:13264,2023-06-20T19:30:00.000Z,complete,Finance/Account Department
event:13273,2023-06-21T10:46:00.000Z,complete,Finance/Account Department
event:13278,2023-06-22T02:10:00.000Z,complete,Finance/Account Department
event:13279,2023-06-22T03:41:00.000Z,complete,Finance/Account Department
event:13299,2023-06-22T20:45:00.000Z,complete,Finance/Account Department
event:13305,2023-06-23T06:48:00.000Z,complete,Finance/Account Department
event:13326,2023-06-24T03:56:00.000Z,complete,Finance/Account Department
event:13462,2023-06-28T02:29:00.000Z,complete,Finance/Account Department
event:13526,2023-06-29T08:43:00.000Z,complete,Finance/Account Department
event:13542,2023-06-30T02:11:00.000Z,complete,Finance/Account Department
event:13581,2023-06-30T14:35:00.000Z,complete,Finance/Account Department
event:13590,2023-07-01T05:49:00.000Z,complete,Finance/Account Department
event:13595,2023-07-01T07:44:00.000Z,complete,Finance/Account Department
event:13608,2023-07-02T13:51:00.000Z,complete,Finance/Account Department
event:13611,2023-07-02T18:44:00.000Z,complete,Finance/Account Department
event:13691,2023-07-04T21:22:00.000Z,complete,Finance/Account Department
event:13728,2023-07-06T06:09:00.000Z,complete,Finance/Account Department
event:13763,2023-07-06T22:27:00.000Z,complete,Finance/Account Department
event:13798,2023-07-07T07:21:00.000Z,complete,Finance/Account Department
event:13822,2023-07-07T14:33:00.000Z,complete,Finance/Account Department
event:13827,2023-07-07T20:42:00.000Z,complete,Finance/Account Department
event:13829,2023-07-08T00:42:00.000Z,complete,Finance/Account Department
event:13836,2023-07-09T04:03:00.000Z,complete,Finance/Account Department
event:13840,2023-07-09T11:28:00.000Z,complete,Finance/Account Department
event:13873,2023-07-10T15:26:00.000Z,complete,Finance/Account Department
event:13878,2023-07-11T00:23:00.000Z,complete,Finance/Account Department
event:13891,2023-07-11T07:04:00.000Z,complete,Finance/Account Department
event:13894,2023-07-11T12:00:00.000Z,complete,Finance/Account Department
event:13901,2023-07-11T18:18:00.000Z,complete,Finance/Account Department
event:13903,2023-07-11T23:32:00.000Z,complete,Finance/Account Department
event:13904,2023-07-12T04:31:00.000Z,complete,Finance/Account Department
event:13918,2023-07-12T16:51:00.000Z,complete,Finance/Account Department
event:14028,2023-07-17T22:52:00.000Z,complete,Finance/Account Department
event:14121,2023-07-20T01:55:00.000Z,complete,Finance/Account Department
event:14160,2023-07-20T15:54:00.000Z,complete,Finance/Account Department
event:14162,2023-07-20T19:44:00.000Z,complete,Finance/Account Department
event:14180,2023-07-21T09:53:00.000Z,complete,Finance/Account Department
event:14188,2023-07-22T05:17:00.000Z,complete,Finance/Account Department
event:14192,2023-07-22T11:31:00.000Z,complete,Finance/Account Department
event:14197,2023-07-22T15:59:00.000Z,complete,Finance/Account Department
event:14275,2023-07-25T08:59:00.000Z,complete,Finance/Account Department
event:14352,2023-07-28T02:36:00.000Z,complete,Finance/Account Department
event:14384,2023-07-28T16:06:00.000Z,complete,Finance/Account Department
event:14391,2023-07-29T10:31:00.000Z,complete,Finance/Account Department
event:14442,2023-07-31T13:25:00.000Z,complete,Finance/Account Department
event:14445,2023-07-31T13:30:00.000Z,complete,Finance/Account Department
event:14469,2023-07-31T18:36:00.000Z,complete,Finance/Account Department
event:14518,2023-08-01T08:43:00.000Z,complete,Finance/Account Department
event:14538,2023-08-01T21:36:00.000Z,complete,Finance/Account Department
event:14543,2023-08-02T02:16:00.000Z,complete,Finance/Account Department
event:14571,2023-08-03T02:40:00.000Z,complete,Finance/Account Department
event:14647,2023-08-04T17:07:00.000Z,complete,Finance/Account Department
event:14662,2023-08-05T19:22:00.000Z,complete,Finance/Account Department
event:14752,2023-08-08T07:06:00.000Z,complete,Finance/Account Department
event:14762,2023-08-08T11:16:00.000Z,complete,Finance/Account Department
event:14771,2023-08-09T06:11:00.000Z,complete,Finance/Account Department
event:14783,2023-08-09T07:40:00.000Z,complete,Finance/Account Department
event:14789,2023-08-09T08:37:00.000Z,complete,Finance/Account Department
event:14798,2023-08-09T15:18:00.000Z,complete,Finance/Account Department
event:14800,2023-08-09T21:02:00.000Z,complete,Finance/Account Department
event:14822,2023-08-10T22:12:00.000Z,complete,Finance/Account Department
event:14823,2023-08-11T00:29:00.000Z,complete,Finance/Account Department
event:14827,2023-08-11T06:37:00.000Z,complete,Finance/Account Department
event:14845,2023-08-12T11:15:00.000Z,complete,Finance/Account Department
event:14846,2023-08-12T12:32:00.000Z,complete,Finance/Account Department
event:14854,2023-08-13T10:04:00.000Z,complete,Finance/Account Department
event:14884,2023-08-14T07:48:00.000Z,complete,Finance/Account Department
event:14897,2023-08-14T21:25:00.000Z,complete,Finance/Account Department
event:14921,2023-08-15T12:30:00.000Z,complete,Finance/Account Department
event:14933,2023-08-16T01:06:00.000Z,complete,Finance/Account Department
event:14936,2023-08-16T04:33:00.000Z,complete,Finance/Account Department
event:14954,2023-08-16T14:25:00.000Z,complete,Finance/Account Department
event:15049,2023-08-19T05:24:00.000Z,complete,Finance/Account Department
event:15063,2023-08-20T19:08:00.000Z,complete,Finance/Account Department
event:15134,2023-08-22T09:49:00.000Z,complete,Finance/Account Department
event:15136,2023-08-22T10:46:00.000Z,complete,Finance/Account Department
event:15234,2023-08-24T08:40:00.000Z,complete,Finance/Account Department
event:15239,2023-08-24T11:02:00.000Z,complete,Finance/Account Department
event:15258,2023-08-25T00:16:00.000Z,complete,Finance/Account Department
event:15313,2023-08-26T13:19:00.000Z,complete,Finance/Account Department
event:15318,2023-08-26T17:55:00.000Z,complete,Finance/Account Department
event:15319,2023-08-26T19:55:00.000Z,complete,Finance/Account Department
event:15324,2023-08-27T19:42:00.000Z,complete,Finance/Account Department
event:15473,2023-08-30T11:40:00.000Z,complete,Finance/Account Department
event:15483,2023-08-31T05:48:00.000Z,complete,Finance/Account Department
event:15510,2023-08-31T22:48:00.000Z,complete,Finance/Account Department
event:15534,2023-09-01T20:06:00.000Z,complete,Finance/Account Department
event:15544,2023-09-02T13:05:00.000Z,complete,Finance/Account Department
event:15553,2023-09-03T03:04:00.000Z,complete,Finance/Account Department
event:15636,2023-09-04T18:32:00.000Z,complete,Finance/Account Department
event:15678,2023-09-05T17:28:00.000Z,complete,Finance/Account Department
event:15680,2023-09-05T18:27:00.000Z,complete,Finance/Account Department
event:15684,2023-09-06T04:01:00.000Z,complete,Finance/Account Department
event:15709,2023-09-07T02:09:00.000Z,complete,Finance/Account Department
event:15787,2023-09-08T07:20:00.000Z,complete,Finance/Account Department
event:15828,2023-09-09T00:12:00.000Z,complete,Finance/Account Department
event:15851,2023-09-10T23:49:00.000Z,complete,Finance/Account Department
event:15921,2023-09-11T10:34:00.000Z,complete,Finance/Account Department
event:15965,2023-09-11T20:26:00.000Z,complete,Finance/Account Department
event:16051,2023-09-13T00:07:00.000Z,complete,Finance/Account Department
event:16052,2023-09-13T00:35:00.000Z,complete,Finance/Account Department
event:16068,2023-09-13T08:30:00.000Z,complete,Finance/Account Department
event:16070,2023-09-13T10:19:00.000Z,complete,Finance/Account Department
event:16071,2023-09-13T11:59:00.000Z,complete,Finance/Account Department
event:16081,2023-09-13T14:45:00.000Z,complete,Finance/Account Department
event:16213,2023-09-15T23:54:00.000Z,complete,Finance/Account Department
event:16236,2023-09-17T01:51:00.000Z,complete,Finance/Account Department
event:16242,2023-09-17T22:18:00.000Z,complete,Finance/Account Department
event:16243,2023-09-17T23:59:00.000Z,complete,Finance/Account Department
event:16310,2023-09-18T07:58:00.000Z,complete,Finance/Account Department
event:16316,2023-09-18T12:15:00.000Z,complete,Finance/Account Department
event:16318,2023-09-18T14:12:00.000Z,complete,Finance/Account Department
event:16345,2023-09-19T07:56:00.000Z,complete,Finance/Account Department
event:16366,2023-09-19T15:18:00.000Z,complete,Finance/Account Department
event:16373,2023-09-19T22:19:00.000Z,complete,Finance/Account Department
event:16376,2023-09-20T00:09:00.000Z,complete,Finance/Account Department
event:16410,2023-09-20T19:16:00.000Z,complete,Finance/Account Department
event:16477,2023-09-21T13:43:00.000Z,complete,Finance/Account Department
event:16481,2023-09-21T14:45:00.000Z,complete,Finance/Account Department
event:16486,2023-09-21T16:14:00.000Z,complete,Finance/Account Department
event:16487,2023-09-21T18:17:00.000Z,complete,Finance/Account Department
event:16496,2023-09-22T03:08:00.000Z,complete,Finance/Account Department
event:16548,2023-09-22T16:42:00.000Z,complete,Finance/Account Department
event:16549,2023-09-22T17:58:00.000Z,complete,Finance/Account Department
event:16550,2023-09-22T21:29:00.000Z,complete,Finance/Account Department
event:16555,2023-09-23T00:04:00.000Z,complete,Finance/Account Department
event:16565,2023-09-23T19:18:00.000Z,complete,Finance/Account Department
event:16625,2023-09-25T12:24:00.000Z,complete,Finance/Account Department
event:16629,2023-09-25T16:58:00.000Z,complete,Finance/Account Department
event:16640,2023-09-26T03:40:00.000Z,complete,Finance/Account Department
event:16642,2023-09-26T04:26:00.000Z,complete,Finance/Account Department
event:16687,2023-09-26T14:41:00.000Z,complete,Finance/Account Department
event:16697,2023-09-26T19:49:00.000Z,complete,Finance/Account Department
event:16791,2023-09-29T06:13:00.000Z,complete,Finance/Account Department
event:16817,2023-09-29T17:48:00.000Z,complete,Finance/Account Department
event:16818,2023-09-29T17:48:00.000Z,complete,Finance/Account Department
event:16823,2023-09-29T23:37:00.000Z,complete,Finance/Account Department
event:16835,2023-10-01T06:48:00.000Z,complete,Finance/Account Department
event:16836,2023-10-01T07:13:00.000Z,complete,Finance/Account Department
event:16837,2023-10-01T07:34:00.000Z,complete,Finance/Account Department
event:16891,2023-10-03T01:05:00.000Z,complete,Finance/Account Department
event:16905,2023-10-03T07:15:00.000Z,complete,Finance/Account Department
event:16910,2023-10-03T08:30:00.000Z,complete,Finance/Account Department
event:16963,2023-10-05T09:46:00.000Z,complete,Finance/Account Department
event:16994,2023-10-06T12:27:00.000Z,complete,Finance/Account Department
event:16996,2023-10-06T20:17:00.000Z,complete,Finance/Account Department
event:16999,2023-10-07T03:38:00.000Z,complete,Finance/Account Department
event:17006,2023-10-07T18:42:00.000Z,complete,Finance/Account Department
event:17017,2023-10-08T21:41:00.000Z,complete,Finance/Account Department
event:17045,2023-10-09T08:22:00.000Z,complete,Finance/Account Department
event:17061,2023-10-09T15:41:00.000Z,complete,Finance/Account Department
event:17064,2023-10-09T18:25:00.000Z,complete,Finance/Account Department
event:17092,2023-10-11T06:29:00.000Z,complete,Finance/Account Department
event:17108,2023-10-11T15:59:00.000Z,complete,Finance/Account Department
event:17118,2023-10-12T09:39:00.000Z,complete,Finance/Account Department
event:17149,2023-10-13T13:43:00.000Z,complete,Finance/Account Department
event:17238,2023-10-16T12:47:00.000Z,complete,Finance/Account Department
event:17251,2023-10-16T18:34:00.000Z,complete,Finance/Account Department
event:17255,2023-10-17T05:02:00.000Z,complete,Finance/Account Department
event:17282,2023-10-19T05:04:00.000Z,complete,Finance/Account Department
event:17283,2023-10-19T06:36:00.000Z,complete,Finance/Account Department
event:17296,2023-10-19T13:36:00.000Z,complete,Finance/Account Department
event:17334,2023-10-22T03:01:00.000Z,complete,Finance/Account Department
event:17339,2023-10-22T21:22:00.000Z,complete,Finance/Account Department
event:17429,2023-10-27T03:17:00.000Z,complete,Finance/Account Department
event:17436,2023-10-27T07:02:00.000Z,complete,Finance/Account Department
event:17472,2023-10-29T02:27:00.000Z,complete,Finance/Account Department
event:17532,2023-10-31T00:47:00.000Z,complete,Finance/Account Department
event:17534,2023-10-31T04:31:00.000Z,complete,Finance/Account Department
event:17566,2023-11-01T18:16:00.000Z,complete,Finance/Account Department
event:17604,2023-11-02T17:22:00.000Z,complete,Finance/Account Department
event:17631,2023-11-03T15:08:00.000Z,complete,Finance/Account Department
event:17670,2023-11-06T11:49:00.000Z,complete,Finance/Account Department
event:17683,2023-11-07T02:46:00.000Z,complete,Finance/Account Department
event:17684,2023-11-07T04:03:00.000Z,complete,Finance/Account Department
event:17756,2023-11-08T19:27:00.000Z,complete,Finance/Account Department
event:17804,2023-11-10T03:04:00.000Z,complete,Finance/Account Department
event:17831,2023-11-10T14:44:00.000Z,complete,Finance/Account Department
event:17838,2023-11-11T01:52:00.000Z,complete,Finance/Account Department
event:17846,2023-11-11T16:01:00.000Z,complete,Finance/Account Department
event:17850,2023-11-12T16:11:00.000Z,complete,Finance/Account Department
event:17896,2023-11-14T02:17:00.000Z,complete,Finance/Account Department
event:17944,2023-11-14T16:40:00.000Z,complete,Finance/Account Department
event:17985,2023-11-16T05:14:00.000Z,complete,Finance/Account Department
event:17986,2023-11-16T06:01:00.000Z,complete,Finance/Account Department
event:18030,2023-11-17T06:13:00.000Z,complete,Finance/Account Department
event:18031,2023-11-17T06:53:00.000Z,complete,Finance/Account Department
event:18060,2023-11-18T03:38:00.000Z,complete,Finance/Account Department
event:18065,2023-11-18T13:10:00.000Z,complete,Finance/Account Department
event:18068,2023-11-18T21:58:00.000Z,complete,Finance/Account Department
event:18169,2023-11-21T01:00:00.000Z,complete,Finance/Account Department
event:18275,2023-11-22T23:34:00.000Z,complete,Finance/Account Department
event:18319,2023-11-23T23:17:00.000Z,complete,Finance/Account Department
event:18371,2023-11-24T14:42:00.000Z,complete,Finance/Account Department
event:18372,2023-11-24T14:54:00.000Z,complete,Finance/Account Department
event:18398,2023-11-25T22:46:00.000Z,complete,Finance/Account Department
event:18403,2023-11-26T07:05:00.000Z,complete,Finance/Account Department
event:18462,2023-11-27T10:12:00.000Z,complete,Finance/Account Department
event:18483,2023-11-27T22:13:00.000Z,complete,Finance/Account Department
event:18486,2023-11-27T23:48:00.000Z,complete,Finance/Account Department
event:18530,2023-11-28T09:19:00.000Z,complete,Finance/Account Department
event:18548,2023-11-28T15:25:00.000Z,complete,Finance/Account Department
event:18552,2023-11-28T22:34:00.000Z,complete,Finance/Account Department
event:18556,2023-11-29T01:46:00.000Z,complete,Finance/Account Department
event:18562,2023-11-29T07:30:00.000Z,complete,Finance/Account Department
event:18587,2023-11-29T16:09:00.000Z,complete,Finance/Account Department
event:18595,2023-11-30T07:58:00.000Z,complete,Finance/Account Department
event:18609,2023-11-30T19:29:00.000Z,complete,Finance/Account Department
event:18613,2023-11-30T22:18:00.000Z,complete,Finance/Account Department
event:18661,2023-12-01T16:27:00.000Z,complete,Finance/Account Department
event:18665,2023-12-01T19:45:00.000Z,complete,Finance/Account Department
event:18680,2023-12-02T20:59:00.000Z,complete,Finance/Account Department
event:18682,2023-12-03T12:43:00.000Z,complete,Finance/Account Department
event:18683,2023-12-03T13:51:00.000Z,complete,Finance/Account Department
event:18685,2023-12-03T18:54:00.000Z,complete,Finance/Account Department
event:18803,2023-12-05T08:11:00.000Z,complete,Finance/Account Department
event:18891,2023-12-07T11:17:00.000Z,complete,Finance/Account Department
event:18913,2023-12-07T21:34:00.000Z,complete,Finance/Account Department
event:18915,2023-12-08T03:49:00.000Z,complete,Finance/Account Department
event:18944,2023-12-08T10:15:00.000Z,complete,Finance/Account Department
event:18978,2023-12-09T08:14:00.000Z,complete,Finance/Account Department
event:18985,2023-12-09T16:58:00.000Z,complete,Finance/Account Department
event:18986,2023-12-09T17:11:00.000Z,complete,Finance/Account Department
event:18991,2023-12-10T07:15:00.000Z,complete,Finance/Account Department
event:18997,2023-12-10T20:04:00.000Z,complete,Finance/Account Department
event:19171,2023-12-12T18:38:00.000Z,complete,Finance/Account Department
event:19201,2023-12-13T11:34:00.000Z,complete,Finance/Account Department
event:19222,2023-12-14T00:34:00.000Z,complete,Finance/Account Department
event:19264,2023-12-14T21:57:00.000Z,complete,Finance/Account Department
event:19265,2023-12-14T22:13:00.000Z,complete,Finance/Account Department
event:19305,2023-12-15T11:35:00.000Z,complete,Finance/Account Department
event:19316,2023-12-16T07:39:00.000Z,complete,Finance/Account Department
event:19318,2023-12-16T09:08:00.000Z,complete,Finance/Account Department
event:19321,2023-12-16T19:33:00.000Z,complete,Finance/Account Department
event:19326,2023-12-17T06:12:00.000Z,complete,Finance/Account Department
event:19327,2023-12-17T09:38:00.000Z,complete,Finance/Account Department
event:19329,2023-12-17T13:48:00.000Z,complete,Finance/Account Department
event:19372,2023-12-18T23:31:00.000Z,complete,Finance/Account Department
event:19414,2023-12-19T13:40:00.000Z,complete,Finance/Account Department
event:19426,2023-12-19T23:40:00.000Z,complete,Finance/Account Department
event:19453,2023-12-21T03:04:00.000Z,complete,Finance/Account Department
event:19491,2023-12-22T05:52:00.000Z,complete,Finance/Account Department
event:19616,2023-12-25T18:37:00.000Z,complete,Finance/Account Department
event:19651,2023-12-26T08:43:00.000Z,complete,Finance/Account Department
event:19681,2023-12-27T01:23:00.000Z,complete,Finance/Account Department
event:19810,2023-12-29T11:24:00.000Z,complete,Finance/Account Department
event:19833,2023-12-29T22:38:00.000Z,complete,Finance/Account Department
event:19842,2023-12-30T10:33:00.000Z,complete,Finance/Account Department
event:19852,2024-01-01T04:26:00.000Z,complete,Finance/Account Department
event:19945,2024-01-01T21:52:00.000Z,complete,Finance/Account Department
event:19986,2024-01-02T12:11:00.000Z,complete,Finance/Account Department
event:19987,2024-01-02T12:41:00.000Z,complete,Finance/Account Department
event:20030,2024-01-03T19:29:00.000Z,complete,Finance/Account Department
event:20032,2024-01-03T19:41:00.000Z,complete,Finance/Account Department
event:20037,2024-01-03T23:40:00.000Z,complete,Finance/Account Department
event:20043,2024-01-04T04:03:00.000Z,complete,Finance/Account Department
event:20108,2024-01-05T05:37:00.000Z,complete,Finance/Account Department
event:20168,2024-01-06T02:46:00.000Z,complete,Finance/Account Department
event:20177,2024-01-06T17:23:00.000Z,complete,Finance/Account Department
event:20194,2024-01-07T12:48:00.000Z,complete,Finance/Account Department
event:20197,2024-01-07T15:19:00.000Z,complete,Finance/Account Department
event:20258,2024-01-08T11:13:00.000Z,complete,Finance/Account Department
event:20278,2024-01-08T20:31:00.000Z,complete,Finance/Account Department
event:20284,2024-01-09T07:28:00.000Z,complete,Finance/Account Department
event:20298,2024-01-09T08:23:00.000Z,complete,Finance/Account Department
event:20308,2024-01-10T02:31:00.000Z,complete,Finance/Account Department
event:20331,2024-01-10T17:44:00.000Z,complete,Finance/Account Department
event:20359,2024-01-11T14:48:00.000Z,complete,Finance/Account Department
event:20369,2024-01-11T23:59:00.000Z,complete,Finance/Account Department
event:20371,2024-01-12T05:48:00.000Z,complete,Finance/Account Department
event:20372,2024-01-12T06:24:00.000Z,complete,Finance/Account Department
event:20392,2024-01-12T15:07:00.000Z,complete,Finance/Account Department
event:20394,2024-01-12T16:11:00.000Z,complete,Finance/Account Department
event:20395,2024-01-12T19:12:00.000Z,complete,Finance/Account Department
event:20396,2024-01-13T01:41:00.000Z,complete,Finance/Account Department
event:20402,2024-01-13T12:09:00.000Z,complete,Finance/Account Department
event:20406,2024-01-14T04:53:00.000Z,complete,Finance/Account Department
event:20410,2024-01-14T17:07:00.000Z,complete,Finance/Account Department
event:20411,2024-01-15T01:37:00.000Z,complete,Finance/Account Department
event:20465,2024-01-16T06:32:00.000Z,complete,Finance/Account Department
event:20474,2024-01-16T09:14:00.000Z,complete,Finance/Account Department
event:20498,2024-01-17T17:04:00.000Z,complete,Finance/Account Department
event:20500,2024-01-17T23:09:00.000Z,complete,Finance/Account Department
event:20527,2024-01-18T12:52:00.000Z,complete,Finance/Account Department
event:20723,2024-01-24T17:28:00.000Z,complete,Finance/Account Department
event:20771,2024-01-25T19:32:00.000Z,complete,Finance/Account Department
event:20814,2024-01-27T16:01:00.000Z,complete,Finance/Account Department
event:20817,2024-01-27T23:18:00.000Z,complete,Finance/Account Department
event:20866,2024-01-30T04:08:00.000Z,complete,Finance/Account Department
event:20885,2024-01-30T10:43:00.000Z,complete,Finance/Account Department
event:20890,2024-01-30T12:14:00.000Z,complete,Finance/Account Department
event:20928,2024-02-01T06:15:00.000Z,complete,Finance/Account Department
event:20941,2024-02-01T12:48:00.000Z,complete,Finance/Account Department
event:20962,2024-02-02T18:43:00.000Z,complete,Finance/Account Department
event:20969,2024-02-03T09:47:00.000Z,complete,Finance/Account Department
event:20971,2024-02-03T11:55:00.000Z,complete,Finance/Account Department
event:20976,2024-02-04T08:40:00.000Z,complete,Finance/Account Department
event:21029,2024-02-05T10:43:00.000Z,complete,Finance/Account Department
event:21095,2024-02-06T15:12:00.000Z,complete,Finance/Account Department
event:21101,2024-02-06T18:51:00.000Z,complete,Finance/Account Department
event:21171,2024-02-08T12:55:00.000Z,complete,Finance/Account Department
event:21176,2024-02-08T13:52:00.000Z,complete,Finance/Account Department
event:21180,2024-02-08T18:01:00.000Z,complete,Finance/Account Department
event:21196,2024-02-09T20:25:00.000Z,complete,Finance/Account Department
event:21199,2024-02-09T23:20:00.000Z,complete,Finance/Account Department
event:21213,2024-02-11T10:23:00.000Z,complete,Finance/Account Department
event:21255,2024-02-12T09:53:00.000Z,complete,Finance/Account Department
event:21305,2024-02-13T09:13:00.000Z,complete,Finance/Account Department
event:21316,2024-02-13T11:18:00.000Z,complete,Finance/Account Department
event:21344,2024-02-13T19:23:00.000Z,complete,Finance/Account Department
event:21387,2024-02-14T16:33:00.000Z,complete,Finance/Account Department
event:21417,2024-02-15T14:26:00.000Z,complete,Finance/Account Department
event:21419,2024-02-15T14:38:00.000Z,complete,Finance/Account Department
event:21427,2024-02-15T21:08:00.000Z,complete,Finance/Account Department
event:21432,2024-02-16T07:42:00.000Z,complete,Finance/Account Department
event:21469,2024-02-16T09:12:00.000Z,complete,Finance/Account Department
event:21472,2024-02-16T12:30:00.000Z,complete,Finance/Account Department
event:21474,2024-02-16T13:13:00.000Z,complete,Finance/Account Department
event:21476,2024-02-16T15:59:00.000Z,complete,Finance/Account Department
event:21482,2024-02-16T22:02:00.000Z,complete,Finance/Account Department
event:21498,2024-02-18T12:14:00.000Z,complete,Finance/Account Department
event:21532,2024-02-19T13:39:00.000Z,complete,Finance/Account Department
event:21541,2024-02-19T20:39:00.000Z,complete,Finance/Account Department
event:21545,2024-02-20T03:54:00.000Z,complete,Finance/Account Department
event:21572,2024-02-20T21:16:00.000Z,complete,Finance/Account Department
event:21639,2024-02-22T02:20:00.000Z,complete,Finance/Account Department
event:21672,2024-02-22T23:06:00.000Z,complete,Finance/Account Department
event:21677,2024-02-23T04:55:00.000Z,complete,Finance/Account Department
event:21716,2024-02-23T19:40:00.000Z,complete,Finance/Account Department
event:21729,2024-02-24T21:51:00.000Z,complete,Finance/Account Department
event:21857,2024-02-27T20:52:00.000Z,complete,Finance/Account Department
event:21874,2024-02-28T09:22:00.000Z,complete,Finance/Account Department
event:21929,2024-02-29T18:52:00.000Z,complete,Finance/Account Department
event:21984,2024-03-01T19:21:00.000Z,complete,Finance/Account Department
event:22076,2024-03-04T09:12:00.000Z,complete,Finance/Account Department
event:22089,2024-03-04T13:01:00.000Z,complete,Finance/Account Department
event:22106,2024-03-05T06:10:00.000Z,complete,Finance/Account Department
event:22131,2024-03-05T13:11:00.000Z,complete,Finance/Account Department
event:22132,2024-03-05T13:14:00.000Z,complete,Finance/Account Department
event:22144,2024-03-06T00:46:00.000Z,complete,Finance/Account Department
event:22176,2024-03-06T13:35:00.000Z,complete,Finance/Account Department
event:22193,2024-03-06T22:00:00.000Z,complete,Finance/Account Department
event:22253,2024-03-07T19:56:00.000Z,complete,Finance/Account Department
event:22276,2024-03-08T11:32:00.000Z,complete,Finance/Account Department
event:22284,2024-03-08T20:06:00.000Z,complete,Finance/Account Department
event:22286,2024-03-08T22:00:00.000Z,complete,Finance/Account Department
event:22292,2024-03-09T10:55:00.000Z,complete,Finance/Account Department
event:22366,2024-03-12T02:31:00.000Z,complete,Finance/Account Department
event:22367,2024-03-12T04:25:00.000Z,complete,Finance/Account Department
event:22401,2024-03-12T14:34:00.000Z,complete,Finance/Account Department
event:22402,2024-03-12T15:15:00.000Z,complete,Finance/Account Department
event:22412,2024-03-13T04:49:00.000Z,complete,Finance/Account Department
event:22414,2024-03-13T06:18:00.000Z,complete,Finance/Account Department
event:22415,2024-03-13T07:30:00.000Z,complete,Finance/Account Department
event:22455,2024-03-14T04:39:00.000Z,complete,Finance/Account Department
event:22479,2024-03-14T15:08:00.000Z,complete,Finance/Account Department
event:22480,2024-03-14T16:09:00.000Z,complete,Finance/Account Department
event:22485,2024-03-15T00:47:00.000Z,complete,Finance/Account Department
event:22486,2024-03-15T02:14:00.000Z,complete,Finance/Account Department
event:22491,2024-03-15T07:35:00.000Z,complete,Finance/Account Department
event:22518,2024-03-17T02:22:00.000Z,complete,Finance/Account Department
event:22522,2024-03-18T07:48:00.000Z,complete,Finance/Account Department
event:22564,2024-03-19T12:29:00.000Z,complete,Finance/Account Department
event:22583,2024-03-20T12:40:00.000Z,complete,Finance/Account Department
event:22609,2024-03-22T04:46:00.000Z,complete,Finance/Account Department
event:22624,2024-03-23T00:13:00.000Z,complete,Finance/Account Department
event:22700,2024-03-26T16:52:00.000Z,complete,Finance/Account Department
event:22716,2024-03-27T09:48:00.000Z,complete,Finance/Account Department
event:22732,2024-03-27T21:33:00.000Z,complete,Finance/Account Department
event:22758,2024-03-28T12:40:00.000Z,complete,Finance/Account Department
event:22865,2024-04-03T08:03:00.000Z,complete,Finance/Account Department
event:22878,2024-04-04T06:26:00.000Z,complete,Finance/Account Department
event:22944,2024-04-06T07:47:00.000Z,complete,Finance/Account Department
event:22946,2024-04-06T10:43:00.000Z,complete,Finance/Account Department
event:22951,2024-04-06T18:25:00.000Z,complete,Finance/Account Department
event:22955,2024-04-08T03:55:00.000Z,complete,Finance/Account Department
event:22999,2024-04-08T15:44:00.000Z,complete,Finance/Account Department
event:23004,2024-04-09T03:44:00.000Z,complete,Finance/Account Department
event:23020,2024-04-10T02:12:00.000Z,complete,Finance/Account Department
event:23087,2024-04-11T18:24:00.000Z,complete,Finance/Account Department
event:23123,2024-04-13T10:50:00.000Z,complete,Finance/Account Department
event:23163,2024-04-16T01:42:00.000Z,complete,Finance/Account Department
event:23186,2024-04-16T11:49:00.000Z,complete,Finance/Account Department
event:23191,2024-04-16T12:17:00.000Z,complete,Finance/Account Department
event:23209,2024-04-16T15:52:00.000Z,complete,Finance/Account Department
event:23249,2024-04-17T23:40:00.000Z,complete,Finance/Account Department
event:23296,2024-04-18T23:24:00.000Z,complete,Finance/Account Department
event:23324,2024-04-19T16:07:00.000Z,complete,Finance/Account Department
event:23330,2024-04-20T03:39:00.000Z,complete,Finance/Account Department
event:23338,2024-04-21T02:41:00.000Z,complete,Finance/Account Department
event:23342,2024-04-21T18:05:00.000Z,complete,Finance/Account Department
event:23408,2024-04-22T12:35:00.000Z,complete,Finance/Account Department
event:23420,2024-04-22T20:04:00.000Z,complete,Finance/Account Department
event:23445,2024-04-23T07:53:00.000Z,complete,Finance/Account Department
event:23474,2024-04-24T09:11:00.000Z,complete,Finance/Account Department
event:23524,2024-04-25T08:57:00.000Z,complete,Finance/Account Department
event:23533,2024-04-25T12:07:00.000Z,complete,Finance/Account Department
event:23538,2024-04-25T14:31:00.000Z,complete,Finance/Account Department
event:23546,2024-04-26T02:45:00.000Z,complete,Finance/Account Department
event:23577,2024-04-26T13:27:00.000Z,complete,Finance/Account Department
event:23581,2024-04-26T23:05:00.000Z,complete,Finance/Account Department
event:23582,2024-04-26T23:36:00.000Z,complete,Finance/Account Department
event:23585,2024-04-27T06:39:00.000Z,complete,Finance/Account Department
event:23589,2024-04-27T10:06:00.000Z,complete,Finance/Account Department
event:23590,2024-04-27T11:10:00.000Z,complete,Finance/Account Department
event:23681,2024-05-01T01:29:00.000Z,complete,Finance/Account Department
event:23688,2024-05-01T06:34:00.000Z,complete,Finance/Account Department
event:23705,2024-05-01T08:22:00.000Z,complete,Finance/Account Department
event:23715,2024-05-01T13:53:00.000Z,complete,Finance/Account Department
event:23723,2024-05-01T21:57:00.000Z,complete,Finance/Account Department
event:23750,2024-05-02T16:47:00.000Z,complete,Finance/Account Department
event:23782,2024-05-03T17:00:00.000Z,complete,Finance/Account Department
event:23784,2024-05-03T18:17:00.000Z,complete,Finance/Account Department
event:23795,2024-05-04T19:55:00.000Z,complete,Finance/Account Department
event:23797,2024-05-05T02:21:00.000Z,complete,Finance/Account Department
event:23885,2024-05-06T16:50:00.000Z,complete,Finance/Account Department
event:23932,2024-05-07T15:06:00.000Z,complete,Finance/Account Department
event:23958,2024-05-08T12:06:00.000Z,complete,Finance/Account Department
event:23968,2024-05-08T19:05:00.000Z,complete,Finance/Account Department
event:23979,2024-05-09T06:07:00.000Z,complete,Finance/Account Department
event:24006,2024-05-09T08:23:00.000Z,complete,Finance/Account Department
event:24017,2024-05-09T21:49:00.000Z,complete,Finance/Account Department
event:24052,2024-05-10T16:11:00.000Z,complete,Finance/Account Department
event:24054,2024-05-10T20:18:00.000Z,complete,Finance/Account Department
event:24058,2024-05-10T23:59:00.000Z,complete,Finance/Account Department
event:24065,2024-05-11T11:59:00.000Z,complete,Finance/Account Department
event:24136,2024-05-13T19:58:00.000Z,complete,Finance/Account Department
event:24164,2024-05-14T13:29:00.000Z,complete,Finance/Account Department
event:24178,2024-05-15T00:03:00.000Z,complete,Finance/Account Department
event:24181,2024-05-15T06:52:00.000Z,complete,Finance/Account Department
event:24213,2024-05-15T11:57:00.000Z,complete,Finance/Account Department
event:24220,2024-05-15T19:21:00.000Z,complete,Finance/Account Department
event:24221,2024-05-15T20:37:00.000Z,complete,Finance/Account Department
event:24246,2024-05-16T07:44:00.000Z,complete,Finance/Account Department
event:24250,2024-05-16T10:11:00.000Z,complete,Finance/Account Department
event:24307,2024-05-17T17:13:00.000Z,complete,Finance/Account Department
event:24310,2024-05-17T20:34:00.000Z,complete,Finance/Account Department
event:24312,2024-05-17T22:40:00.000Z,complete,Finance/Account Department
event:24333,2024-05-19T09:18:00.000Z,complete,Finance/Account Department
event:24384,2024-05-20T10:23:00.000Z,complete,Finance/Account Department
event:24385,2024-05-20T10:51:00.000Z,complete,Finance/Account Department
event:24397,2024-05-21T02:19:00.000Z,complete,Finance/Account Department
event:24442,2024-05-22T09:23:00.000Z,complete,Finance/Account Department
event:24453,2024-05-22T23:27:00.000Z,complete,Finance/Account Department
event:24454,2024-05-23T00:58:00.000Z,complete,Finance/Account Department
event:24515,2024-05-25T14:31:00.000Z,complete,Finance/Account Department
event:24519,2024-05-26T00:45:00.000Z,complete,Finance/Account Department
event:24523,2024-05-26T15:58:00.000Z,complete,Finance/Account Department
event:24589,2024-05-27T11:59:00.000Z,complete,Finance/Account Department
event:24609,2024-05-27T18:51:00.000Z,complete,Finance/Account Department
event:24613,2024-05-28T00:40:00.000Z,complete,Finance/Account Department
event:24615,2024-05-28T04:01:00.000Z,complete,Finance/Account Department
event:24683,2024-05-29T20:50:00.000Z,complete,Finance/Account Department
event:24686,2024-05-29T23:43:00.000Z,complete,Finance/Account Department
event:24709,2024-05-30T15:20:00.000Z,complete,Finance/Account Department
event:24738,2024-05-31T07:29:00.000Z,complete,Finance/Account Department
event:24739,2024-05-31T07:30:00.000Z,complete,Finance/Account Department
event:24746,2024-05-31T22:14:00.000Z,complete,Finance/Account Department
event:24753,2024-06-01T09:50:00.000Z,complete,Finance/Account Department
event:24762,2024-06-02T04:29:00.000Z,complete,Finance/Account Department
event:24769,2024-06-03T03:59:00.000Z,complete,Finance/Account Department
event:24834,2024-06-03T12:22:00.000Z,complete,Finance/Account Department
event:24848,2024-06-04T06:14:00.000Z,complete,Finance/Account Department
event:25031,2024-06-07T14:05:00.000Z,complete,Finance/Account Department
event:25068,2024-06-09T06:57:00.000Z,complete,Finance/Account Department
event:25133,2024-06-10T09:54:00.000Z,complete,Finance/Account Department
event:25255,2024-06-12T14:36:00.000Z,complete,Finance/Account Department
event:25318,2024-06-13T13:09:00.000Z,complete,Finance/Account Department
event:25324,2024-06-13T14:40:00.000Z,complete,Finance/Account Department
event:25327,2024-06-13T15:23:00.000Z,complete,Finance/Account Department
event:25335,2024-06-13T21:02:00.000Z,complete,Finance/Account Department
event:25342,2024-06-14T06:10:00.000Z,complete,Finance/Account Department
event:25383,2024-06-15T07:00:00.000Z,complete,Finance/Account Department
event:25385,2024-06-15T13:10:00.000Z,complete,Finance/Account Department
event:25399,2024-06-16T17:14:00.000Z,complete,Finance/Account Department
event:25441,2024-06-17T09:00:00.000Z,complete,Finance/Account Department
event:25456,2024-06-17T13:43:00.000Z,complete,Finance/Account Department
event:25464,2024-06-18T05:31:00.000Z,complete,Finance/Account Department
event:25472,2024-06-18T08:05:00.000Z,complete,Finance/Account Department
event:25482,2024-06-18T20:39:00.000Z,complete,Finance/Account Department
event:25513,2024-06-20T00:45:00.000Z,complete,Finance/Account Department
event:25514,2024-06-20T01:32:00.000Z,complete,Finance/Account Department
event:25560,2024-06-22T10:01:00.000Z,complete,Finance/Account Department
event:25563,2024-06-22T21:13:00.000Z,complete,Finance/Account Department
event:25619,2024-06-24T16:19:00.000Z,complete,Finance/Account Department
event:25623,2024-06-24T19:11:00.000Z,complete,Finance/Account Department
event:25628,2024-06-25T00:24:00.000Z,complete,Finance/Account Department
event:25650,2024-06-25T22:41:00.000Z,complete,Finance/Account Department
event:25671,2024-06-26T07:31:00.000Z,complete,Finance/Account Department
event:25716,2024-06-27T12:53:00.000Z,complete,Finance/Account Department
event:25759,2024-06-28T18:22:00.000Z,complete,Finance/Account Department
event:25760,2024-06-28T21:10:00.000Z,complete,Finance/Account Department
event:25768,2024-06-30T12:17:00.000Z,complete,Finance/Account Department
event:25771,2024-07-01T04:16:00.000Z,complete,Finance/Account Department
event:25802,2024-07-02T06:26:00.000Z,complete,Finance/Account Department
event:25856,2024-07-04T09:22:00.000Z,complete,Finance/Account Department
event:25859,2024-07-04T16:40:00.000Z,complete,Finance/Account Department
event:25875,2024-07-05T08:09:00.000Z,complete,Finance/Account Department
event:25878,2024-07-05T13:22:00.000Z,complete,Finance/Account Department
event:25892,2024-07-05T22:15:00.000Z,complete,Finance/Account Department
event:25895,2024-07-06T03:42:00.000Z,complete,Finance/Account Department
event:25900,2024-07-06T14:04:00.000Z,complete,Finance/Account Department
event:25901,2024-07-06T16:07:00.000Z,complete,Finance/Account Department
event:25979,2024-07-08T11:06:00.000Z,complete,Finance/Account Department
event:25997,2024-07-08T18:58:00.000Z,complete,Finance/Account Department
event:26003,2024-07-09T05:03:00.000Z,complete,Finance/Account Department
event:26070,2024-07-10T08:44:00.000Z,complete,Finance/Account Department
event:26183,2024-07-12T15:13:00.000Z,complete,Finance/Account Department
event:26213,2024-07-14T09:41:00.000Z,complete,Finance/Account Department
event:26217,2024-07-14T17:04:00.000Z,complete,Finance/Account Department
event:26219,2024-07-15T06:40:00.000Z,complete,Finance/Account Department
event:26269,2024-07-15T09:27:00.000Z,complete,Finance/Account Department
event:26274,2024-07-15T19:25:00.000Z,complete,Finance/Account Department
event:26279,2024-07-15T20:47:00.000Z,complete,Finance/Account Department
event:26291,2024-07-16T06:36:00.000Z,complete,Finance/Account Department
event:26334,2024-07-16T14:22:00.000Z,complete,Finance/Account Department
event:26339,2024-07-16T19:46:00.000Z,complete,Finance/Account Department
event:26342,2024-07-17T02:40:00.000Z,complete,Finance/Account Department
event:26387,2024-07-17T21:53:00.000Z,complete,Finance/Account Department
event:26388,2024-07-17T22:07:00.000Z,complete,Finance/Account Department
event:26390,2024-07-17T23:54:00.000Z,complete,Finance/Account Department
event:26445,2024-07-18T10:20:00.000Z,complete,Finance/Account Department
event:26463,2024-07-18T19:26:00.000Z,complete,Finance/Account Department
event:26495,2024-07-19T16:26:00.000Z,complete,Finance/Account Department
event:26630,2024-07-22T15:19:00.000Z,complete,Finance/Account Department
event:26721,2024-07-24T04:01:00.000Z,complete,Finance/Account Department
event:26761,2024-07-24T21:53:00.000Z,complete,Finance/Account Department
event:26765,2024-07-24T22:43:00.000Z,complete,Finance/Account Department
event:26797,2024-07-25T19:11:00.000Z,complete,Finance/Account Department
event:26798,2024-07-25T19:48:00.000Z,complete,Finance/Account Department
event:26834,2024-07-26T14:35:00.000Z,complete,Finance/Account Department
event:26845,2024-07-27T12:31:00.000Z,complete,Finance/Account Department
event:26847,2024-07-27T12:54:00.000Z,complete,Finance/Account Department
event:26902,2024-07-29T14:10:00.000Z,complete,Finance/Account Department
event:26906,2024-07-29T18:05:00.000Z,complete,Finance/Account Department
event:26926,2024-07-30T10:36:00.000Z,complete,Finance/Account Department
event:26931,2024-07-30T19:59:00.000Z,complete,Finance/Account Department
event:26941,2024-07-31T10:55:00.000Z,complete,Finance/Account Department
event:26949,2024-07-31T22:34:00.000Z,complete,Finance/Account Department
event:26950,2024-08-01T03:42:00.000Z,complete,Finance/Account Department
event:26973,2024-08-01T14:38:00.000Z,complete,Finance/Account Department
event:26978,2024-08-01T21:24:00.000Z,complete,Finance/Account Department
event:27006,2024-08-04T01:37:00.000Z,complete,Finance/Account Department
event:27007,2024-08-04T05:25:00.000Z,complete,Finance/Account Department
event:27010,2024-08-04T16:53:00.000Z,complete,Finance/Account Department
event:27011,2024-08-05T03:49:00.000Z,complete,Finance/Account Department
event:27012,2024-08-05T03:53:00.000Z,complete,Finance/Account Department
event:27106,2024-08-08T12:44:00.000Z,complete,Finance/Account Department
event:27129,2024-08-11T15:51:00.000Z,complete,Finance/Account Department
event:27155,2024-08-12T08:02:00.000Z,complete,Finance/Account Department
event:27172,2024-08-13T03:54:00.000Z,complete,Finance/Account Department
event:27204,2024-08-14T17:34:00.000Z,complete,Finance/Account Department
event:27288,2024-08-17T15:27:00.000Z,complete,Finance/Account Department
event:27295,2024-08-18T14:30:00.000Z,complete,Finance/Account Department
event:27297,2024-08-18T18:44:00.000Z,complete,Finance/Account Department
event:27357,2024-08-20T14:45:00.000Z,complete,Finance/Account Department
event:27360,2024-08-21T06:22:00.000Z,complete,Finance/Account Department
event:27387,2024-08-22T06:12:00.000Z,complete,Finance/Account Department
event:27416,2024-08-24T09:08:00.000Z,complete,Finance/Account Department
event:27503,2024-08-27T22:21:00.000Z,complete,Finance/Account Department
event:27543,2024-08-29T05:06:00.000Z,complete,Finance/Account Department
event:27563,2024-08-29T09:10:00.000Z,complete,Finance/Account Department
event:27565,2024-08-29T15:40:00.000Z,complete,Finance/Account Department
event:27567,2024-08-29T21:54:00.000Z,complete,Finance/Account Department
event:27570,2024-08-30T00:35:00.000Z,complete,Finance/Account Department
event:27594,2024-08-31T02:20:00.000Z,complete,Finance/Account Department
event:27599,2024-08-31T20:34:00.000Z,complete,Finance/Account Department
event:27648,2024-09-02T23:14:00.000Z,complete,Finance/Account Department
event:27650,2024-09-03T00:09:00.000Z,complete,Finance/Account Department
event:27722,2024-09-05T13:16:00.000Z,complete,Finance/Account Department
event:27727,2024-09-05T18:03:00.000Z,complete,Finance/Account Department
event:27731,2024-09-05T23:07:00.000Z,complete,Finance/Account Department
event:27762,2024-09-07T19:32:00.000Z,complete,Finance/Account Department
event:28072,2024-09-13T17:03:00.000Z,complete,Finance/Account Department
event:28084,2024-09-14T05:42:00.000Z,complete,Finance/Account Department
event:28096,2024-09-15T06:53:00.000Z,complete,Finance/Account Department
event:28097,2024-09-15T07:50:00.000Z,complete,Finance/Account Department
event:28176,2024-09-16T10:18:00.000Z,complete,Finance/Account Department
event:28191,2024-09-16T20:26:00.000Z,complete,Finance/Account Department
event:28253,2024-09-17T17:13:00.000Z,complete,Finance/Account Department
event:28259,2024-09-18T01:28:00.000Z,complete,Finance/Account Department
event:28315,2024-09-18T18:43:00.000Z,complete,Finance/Account Department
event:28322,2024-09-19T03:57:00.000Z,complete,Finance/Account Department
event:28374,2024-09-20T02:33:00.000Z,complete,Finance/Account Department
event:28396,2024-09-20T08:23:00.000Z,complete,Finance/Account Department
event:28404,2024-09-20T15:42:00.000Z,complete,Finance/Account Department
event:28414,2024-09-21T05:54:00.000Z,complete,Finance/Account Department
event:28420,2024-09-21T18:22:00.000Z,complete,Finance/Account Department
event:28424,2024-09-22T03:57:00.000Z,complete,Finance/Account Department
event:28430,2024-09-22T17:06:00.000Z,complete,Finance/Account Department
event:28431,2024-09-22T20:41:00.000Z,complete,Finance/Account Department
event:28486,2024-09-23T13:13:00.000Z,complete,Finance/Account Department
event:28504,2024-09-24T07:32:00.000Z,complete,Finance/Account Department
event:28512,2024-09-24T10:34:00.000Z,complete,Finance/Account Department
event:28526,2024-09-24T13:36:00.000Z,complete,Finance/Account Department
event:28622,2024-09-26T07:26:00.000Z,complete,Finance/Account Department
event:28695,2024-09-27T17:02:00.000Z,complete,Finance/Account Department
event:28757,2024-09-30T07:56:00.000Z,complete,Finance/Account Department
event:28787,2024-09-30T23:28:00.000Z,complete,Finance/Account Department
event:28829,2024-10-01T08:06:00.000Z,complete,Finance/Account Department
event:28839,2024-10-01T09:25:00.000Z,complete,Finance/Account Department
event:28902,2024-10-02T10:08:00.000Z,complete,Finance/Account Department
event:28903,2024-10-02T10:31:00.000Z,complete,Finance/Account Department
event:28907,2024-10-02T13:57:00.000Z,complete,Finance/Account Department
event:28913,2024-10-02T20:36:00.000Z,complete,Finance/Account Department
event:28963,2024-10-03T12:21:00.000Z,complete,Finance/Account Department
event:28979,2024-10-04T07:00:00.000Z,complete,Finance/Account Department
event:29005,2024-10-04T09:50:00.000Z,complete,Finance/Account Department
event:29024,2024-10-04T22:19:00.000Z,complete,Finance/Account Department
event:29034,2024-10-05T06:08:00.000Z,complete,Finance/Account Department
event:29046,2024-10-06T04:39:00.000Z,complete,Finance/Account Department
event:29056,2024-10-07T00:14:00.000Z,complete,Finance/Account Department
event:29057,2024-10-07T01:04:00.000Z,complete,Finance/Account Department
event:29111,2024-10-07T16:42:00.000Z,complete,Finance/Account Department
event:29148,2024-10-08T09:27:00.000Z,complete,Finance/Account Department
event:29160,2024-10-09T03:39:00.000Z,complete,Finance/Account Department
event:29178,2024-10-09T15:18:00.000Z,complete,Finance/Account Department
event:29180,2024-10-09T18:11:00.000Z,complete,Finance/Account Department
event:29183,2024-10-09T23:02:00.000Z,complete,Finance/Account Department
event:29198,2024-10-10T22:16:00.000Z,complete,Finance/Account Department
event:29200,2024-10-11T04:01:00.000Z,complete,Finance/Account Department
event:29201,2024-10-11T04:40:00.000Z,complete,Finance/Account Department
event:29205,2024-10-11T08:19:00.000Z,complete,Finance/Account Department
event:29206,2024-10-11T08:35:00.000Z,complete,Finance/Account Department
event:29216,2024-10-11T21:59:00.000Z,complete,Finance/Account Department
event:29217,2024-10-12T03:52:00.000Z,complete,Finance/Account Department
event:29218,2024-10-12T06:56:00.000Z,complete,Finance/Account Department
event:29219,2024-10-12T11:54:00.000Z,complete,Finance/Account Department
event:29220,2024-10-12T13:15:00.000Z,complete,Finance/Account Department
event:29221,2024-10-12T19:12:00.000Z,complete,Finance/Account Department
event:29224,2024-10-13T09:52:00.000Z,complete,Finance/Account Department
event:29226,2024-10-13T12:47:00.000Z,complete,Finance/Account Department
event:29234,2024-10-14T19:50:00.000Z,complete,Finance/Account Department
event:29236,2024-10-15T11:02:00.000Z,complete,Finance/Account Department
event:29241,2024-10-16T04:08:00.000Z,complete,Finance/Account Department
event:29256,2024-10-18T05:44:00.000Z,complete,Finance/Account Department
event:29268,2024-10-19T00:41:00.000Z,complete,Finance/Account Department
event:29275,2024-10-21T04:28:00.000Z,complete,Finance/Account Department
event:29302,2024-10-23T03:47:00.000Z,complete,Finance/Account Department
event:29322,2024-10-27T03:02:00.000Z,complete,Finance/Account Department
event:29338,2024-10-29T14:14:00.000Z,complete,Finance/Account Department
event:29339,2024-10-29T22:22:00.000Z,complete,Finance/Account Department
event:29341,2024-10-31T20:28:00.000Z,complete,Finance/Account Department
